<?xml version="1.0" encoding="UTF-8"?>

<mule xmlns:tracking="http://www.mulesoft.org/schema/mule/ee/tracking" xmlns:http="http://www.mulesoft.org/schema/mule/http"
	xmlns="http://www.mulesoft.org/schema/mule/core"
	xmlns:doc="http://www.mulesoft.org/schema/mule/documentation" xmlns:xsi="http://www.w3.org/2001/XMLSchema-instance" xsi:schemaLocation="http://www.mulesoft.org/schema/mule/core http://www.mulesoft.org/schema/mule/core/current/mule.xsd
http://www.mulesoft.org/schema/mule/http http://www.mulesoft.org/schema/mule/http/current/mule-http.xsd
http://www.mulesoft.org/schema/mule/ee/tracking http://www.mulesoft.org/schema/mule/ee/tracking/current/mule-tracking-ee.xsd">
	<http:listener-config name="HTTP_Listener_config" doc:name="HTTP Listener config" doc:id="e8649eea-c42a-4663-8d50-1bff3417ee86" >
		<http:listener-connection host="0.0.0.0" port="8085" />
	</http:listener-config>
	<flow name="beFlow" doc:id="443ef023-45fe-42c9-9ff2-975edf13beaf" tracking:enable-default-events="true">
		<http:listener doc:name="Listener" doc:id="4139fcfa-d3b0-4bf8-a9c9-58cc85c4ea45" config-ref="HTTP_Listener_config" path="/send"/>
		<flow-ref doc:name="Flow Reference" doc:id="6566e7db-0891-4f5f-84d9-30dcd9331809" name="beFlow1"/>
	</flow>
	<flow name="beFlow1" doc:id="7946051a-ffe0-45e6-a030-898e63c0c934" >
		<tracking:transaction doc:name="Set Transaction Id" doc:id="3e457bdc-e2a0-45cf-a833-6fdbb91c5b21" id="#['order'++ attributes.queryParams.oid as String]"/>
		<tracking:custom-event doc:name="Custom Business Event" doc:id="2949afa2-00e3-49c7-b0a9-6f79e53d4e11" event-name="neworder">
			<tracking:meta-data key="orderid" value="#[attributes.queryParams.oid]" />
			<tracking:meta-data key="SomeKey" value="SomeValue" />
		</tracking:custom-event>
	</flow>
</mule>
