<?xml version="1.0" encoding="UTF-8"?>

<mule xmlns:vm="http://www.mulesoft.org/schema/mule/vm" xmlns:ee="http://www.mulesoft.org/schema/mule/ee/core"
	xmlns:file="http://www.mulesoft.org/schema/mule/file"
	xmlns="http://www.mulesoft.org/schema/mule/core" xmlns:doc="http://www.mulesoft.org/schema/mule/documentation" xmlns:xsi="http://www.w3.org/2001/XMLSchema-instance" xsi:schemaLocation="http://www.mulesoft.org/schema/mule/core http://www.mulesoft.org/schema/mule/core/current/mule.xsd
http://www.mulesoft.org/schema/mule/file http://www.mulesoft.org/schema/mule/file/current/mule-file.xsd
http://www.mulesoft.org/schema/mule/ee/core http://www.mulesoft.org/schema/mule/ee/core/current/mule-ee.xsd
http://www.mulesoft.org/schema/mule/vm http://www.mulesoft.org/schema/mule/vm/current/mule-vm.xsd">
	<file:config name="File_Config" doc:name="File Config" doc:id="79e204bd-d5b2-4c82-949a-b2336f177a43" >
		<file:connection workingDir="c:\files" />
	</file:config>
	<vm:config name="VM_Config" doc:name="VM Config" doc:id="a3017018-26a4-48ad-91d6-10e7c9486e5f">
		<vm:queues >
			<vm:queue queueName="ordersqueue" queueType="PERSISTENT" maxOutstandingMessages="10000" />
		</vm:queues>
	</vm:config>
	<flow name="loadbalancinginclusterFlow" doc:id="1beb9382-c8b4-44e9-be48-9cd8ea774dbb" >
		<file:listener doc:name="On New or Updated File" doc:id="292b91db-841c-4017-9bb9-f2a7bd987762" config-ref="File_Config" directory="input" autoDelete="true">
			<scheduling-strategy >
				<fixed-frequency />
			</scheduling-strategy>
		</file:listener>
		<ee:transform doc:name="Transform Message" doc:id="b92cc354-0945-4673-8f06-9c724ee82d29" >
			<ee:message >
				<ee:set-payload ><![CDATA[%dw 2.0
output application/java
---
payload]]></ee:set-payload>
			</ee:message>
		</ee:transform>
		<logger level="INFO" doc:name="Logger" doc:id="2bf0ec89-81c9-4bf4-8369-6a08dc83efa2" message="In First FLow....before publish"/>
		<foreach doc:name="For Each" doc:id="4fd00522-e787-451c-bec0-978496b1e9d3" >
			<vm:publish doc:name="Publish" doc:id="3c33bc49-af83-4df9-ab70-96d3b6bbc279" config-ref="VM_Config" queueName="ordersqueue"/>
		</foreach>
	</flow>
	<flow name="loadbalancinginclusterFlow1" doc:id="026a0c56-b8d2-4426-b27c-8d0c7439427f" >
		<vm:listener queueName="ordersqueue" doc:name="Listener" doc:id="96996f24-2f73-4f31-a4ff-6dc568506415" config-ref="VM_Config"/>
		<logger level="INFO" doc:name="Logger" doc:id="cd801fe0-84ff-4eb3-bafc-574387df1d45" message="got #[payload]"/>
	</flow>
</mule>
