<?xml version="1.0" encoding="UTF-8"?>

<mule xmlns:os="http://www.mulesoft.org/schema/mule/os" xmlns:http="http://www.mulesoft.org/schema/mule/http"
	xmlns="http://www.mulesoft.org/schema/mule/core"
	xmlns:doc="http://www.mulesoft.org/schema/mule/documentation" xmlns:xsi="http://www.w3.org/2001/XMLSchema-instance" xsi:schemaLocation="http://www.mulesoft.org/schema/mule/core http://www.mulesoft.org/schema/mule/core/current/mule.xsd
http://www.mulesoft.org/schema/mule/http http://www.mulesoft.org/schema/mule/http/current/mule-http.xsd
http://www.mulesoft.org/schema/mule/os http://www.mulesoft.org/schema/mule/os/current/mule-os.xsd">
	<http:listener-config name="HTTP_Listener_config" doc:name="HTTP Listener config" doc:id="bbf4bf98-2fe1-4632-9853-9e24f3d5d6d1" >
		<http:listener-connection host="0.0.0.0" port="8081" />
	</http:listener-config>
	<flow name="objectstoreclusterdemoFlow" doc:id="c5176a4d-52de-47df-ab94-57d80569d939" >
		<http:listener doc:name="Listener" doc:id="a74e1039-d9a1-4a47-ab5b-e271ca6f32c1" config-ref="HTTP_Listener_config" path="/store"/>
		<os:store doc:name="Store" doc:id="a42fbea9-f107-4325-b5a0-3185682336dd" key="#[attributes.queryParams.key]">
			<os:value ><![CDATA[#[attributes.queryParams.value]]]></os:value>
		</os:store>
		<set-payload value="#['stored key=' ++ attributes.queryParams.key  as String++ 
' and value=' ++ attributes.queryParams.value as String]" doc:name="Set Payload" doc:id="16efc434-f642-4c7a-abf1-787e8567a75d" />
	</flow>
	<flow name="objectstoreclusterdemoFlow1" doc:id="c101ea35-0931-42ea-973d-0c1d5428d792" >
		<http:listener doc:name="Listener" doc:id="716f3f33-3230-403c-b19b-c3ebec659f32" config-ref="HTTP_Listener_config" path="/retrieve"/>
		<os:retrieve doc:name="Retrieve" doc:id="8ef14638-bed0-4047-af82-bd2adef93d6f" key="#[attributes.queryParams.key]">
			<os:default-value ><![CDATA[#['Unable to find key']]]></os:default-value>
		</os:retrieve>
	</flow>
</mule>
